,question,options,category
0,"Мужчину арестовали и обвинили в ограблении. После ареста ему зачитали права Миранды, а затем доставили в полицейский участок для регистрации. В участке мужчина сказал полицейскому, что готов признаться в содеянном. Полицейский включил видеорегистратор и записал признание мужчины. На суде обвинение вызвало этого полицейского в качестве свидетеля для дачи показаний о самообвинениях мужчины. После возражения адвоката мужчины показания полицейского предлагаются как","['недопустимые, потому что показания полицейского могут быть признаны предвзятыми.'
 'допустимые, потому что мужчина добровольно признался.'
 'допустимые, потому что мужчине зачитали права Миранды перед тем, как было получено признание.'
 'допустимые, потому что мужчина был осведомлен о своих правах, когда признался.'
 'недопустимые, потому что во время признания мужчине не предоставили адвоката.'
 'недопустимые, потому что видеозапись является наилучшим доказательством признания мужчины.'
 'допустимые, потому что признание было записано на видео.'
 'недопустимые, потому что это косвенные доказательства, не попадающие ни под одно из признанных исключений.'
 'допустимые, потому что полицейский был свидетелем признания.'
 'недопустимые, потому что мужчина находился под давлением во время признания.']",law
1,"Большинство тех, кто придерживается внешнего подхода к пониманию значения, рассматривают вопрос с _____ точки зрения.","['экзистенциалистской' 'идеологической' 'апатичной' 'агностической'
 'светской' 'духовной' 'религиозной' 'философской' 'прагматической'
 'нерелигиозной']",philosophy
2,"Спортивный автомобиль Aston Martin V8 Vantage имеет боковое ускорение $0.96g = (0.96)(9.8 м / с^2) = 9.4 м / с^2$. Это максимальное центробежное ускорение, которое автомобиль может выдержать, не занося в повороте. Если автомобиль движется со скоростью 40 м/с по ровной поверхности, каков радиус R самой крутой незакантованной кривой, которую он может пройти? (Единица измерения: м)",['190' '150' '220' '200' '160' '180' '230' '170' '210' '140'],physics
3,Какая из перечисленных стран произвела наибольшее количество энергии от солнечных источников в 2019 году?,"['Индия' 'Франция' 'Австралия' 'Соединенные Штаты' 'Германия'
 'Великобритания' 'Япония' 'Китай' 'Италия' 'Испания']",other
4,"Оператор поезда понимает желание пассажиров иметь комфортные места, но не уточняет, сколько их должно быть предоставлено с учетом ожидаемого числа путешественников на каждом маршруте. Это пример:","['GAP 5 - разрыв между воспринимаемым сервисом и ожидаемым сервисом.'
 'GAP 1 - разрыв между ожиданиями клиентов и восприятием управления.'
 'GAP 10 - разрыв между восприятием управления и удовлетворенностью клиентов.'
 'GAP 7 - разрыв между ожиданиями клиентов и воспринимаемым сервисом.'
 'GAP 8 - разрыв между предоставлением услуг и удовлетворенностью клиентов.'
 'GAP 4 - разрыв между предоставлением услуг и внешними коммуникациями.'
 'GAP 6 - разрыв между проектированием сервиса и стандартами обслуживания.'
 'GAP 9 - разрыв между восприятием клиентов и ожиданиями от сервиса.'
 'GAP 2 - разрыв между восприятием управления и спецификацией качества сервиса.'
 'GAP 3 - разрыв между спецификацией качества сервиса и его предоставлением.']",business
5,"Для школьного проекта ученик хочет выяснить, отличаются ли мальчики и девочки в его большой старшей школе по количеству контактов, сохраненных в их телефонах. Ученик проводит опрос среди 50 случайно выбранных мальчиков и 40 случайно выбранных девочек, спрашивая их о количестве контактов. Какое из следующих утверждений верно в данной ситуации?","['Поскольку размеры выборок обеих групп меньше 50, ученик не должен использовать двухвыборочный t-тест.'
 'Поскольку стандартные отклонения в популяции неизвестны и условия соблюдены, ученик должен использовать двухвыборочный t-тест.'
 'Поскольку ученик проверяет различие в средних значениях, он должен использовать парный t-тест.'
 'Поскольку ученик сравнивает две группы, он должен использовать тест Манна-Уитни U.'
 'Поскольку размеры выборок обеих групп больше 30, ученик не должен использовать двухвыборочный t-тест.'
 'Поскольку размеры выборок различаются, ученик не должен использовать двухвыборочный t-тест.'
 'Поскольку ученик сравнивает две группы, он должен использовать тест ANOVA.'
 'Поскольку ученик сравнивает две группы, он должен использовать одновыборочный t-тест.'
 'Поскольку размеры выборок обеих групп больше 30, ученик должен использовать хи-квадрат тест.'
 'Поскольку форма распределения популяции неизвестна, ученик не должен использовать двухвыборочный t-тест.']",math
6,В какой из следующих психотерапий самораскрытие психолога является специально рекомендуемой и часто применяемой техникой,"['Терапия объектных отношений' 'Игровая терапия' 'Межличностная терапия'
 'Нарративная терапия' 'Транзакционный анализ'
 'Диалектическая поведенческая терапия' 'Когнитивно-поведенческая терапия'
 'Феминистская психотерапия' 'Гештальт-терапия' 'Терапия экспонирования']",psychology
7,"Мужчина и женщина договорились, что женщина ограбит банк, а мужчина заранее угонит машину, которую женщина сможет использовать в качестве транспорта для побега. Мужчина угнал машину и припарковал её в двух кварталах от банка. Он оставил ключи от машины под ковриком с запиской о том, что больше не хочет иметь дело с этим делом. На следующий день женщина ограбила банк и побежала к месту, где мужчина сказал, что оставит угнанную машину. Затем она скрылась на машине и исчезла. Она так и не поделилась деньгами с мужчиной. В юрисдикции, принявшей двустороннее требование к заговору, может ли мужчина быть законно осужден за сговор с женщиной с целью ограбления банка?","['Да, потому что мужчина участвовал в первоначальном планировании ограбления.'
 'Да, потому что мужчина совершил преступление (угон автомобиля), способствующее сговору.'
 'Да, потому что ограбление удалось частично благодаря действиям мужчины.'
 'Да, потому что мужчина предоставил транспорт для побега.'
 'Да, потому что было соглашение ограбить банк и было совершено явное действие в поддержку соглашения.'
 'Нет, потому что мужчина выразил намерение отказаться от сговора.'
 'Нет, потому что мужчина не получил выгоды от ограбления.'
 'Нет, потому что женщина не поделилась деньгами с мужчиной.'
 'Нет, потому что мужчина не участвовал в самом ограблении.']",law
8,"Студент, увлеченный изучением биологии по программе AP Biology и интересующийся осмосом и движением воды в растворах, поместил диализный мешочек с 0.5 M раствором в колбу с 0.6 M раствором. Что из перечисленного верно относительно потенциала воды?","['Студент, увлеченный изучением биологии по программе AP Biology и интересующийся осмосом и движением воды в растворах, поместил диализный мешочек с 0.5 M раствором в колбу с 0.6 M раствором. Это вызывает перемещение воды из области с более низким потенциалом воды в область с более высоким потенциалом воды.'
 'Потенциал растворителя является единственным фактором, определяющим потенциал воды.'
 'Потенциал давления сочетается с потенциалом растворителя для определения потенциала воды.'
 'Потенциал воды всегда заставляет воду перемещаться из области с более низким потенциалом давления в область с более высоким потенциалом давления.']",biology
9,"Женщина хотела отремонтировать свою микроволновку. Она обратилась к местному мастеру, который сказал, что сможет починить её за 100 долларов. Женщина согласилась и отдала микроволновку мастеру, который обещал сделать всё за две недели. Через неделю мастер понял, что у него так много работы, что он не успеет отремонтировать микроволновку в срок. Тогда он отнёс микроволновку в ремонтную мастерскую. Ремонтная мастерская согласилась отремонтировать микроволновку за 80 долларов в течение недели. Владелец ремонтной мастерской, заключивший договор с мастером, не знал, что микроволновка на самом деле принадлежит женщине. Если ремонтная мастерская не сможет отремонтировать микроволновку, какое из следующих утверждений будет наиболее точным?","['У женщины есть основания для иска против ремонтной мастерской, но только если мастер не оплатит счёт за ремонт.'
 'У женщины есть основания для иска против мастера и ремонтной мастерской, но только если ремонт не будет выполнен в срок.'
 'У женщины нет оснований для иска ни против ремонтной мастерской, ни против мастера.'
 'У женщины нет оснований для иска, так как она согласилась на ремонт без указания конкретной даты завершения.'
 'У женщины есть основания для иска против ремонтной мастерской, но только если они знали, что она является настоящим владельцем микроволновки.'
 'У женщины есть основания для иска только против ремонтной мастерской.'
 'У женщины есть основания для иска против мастера, но только если микроволновка не будет отремонтирована.'
 'У женщины есть основания для иска только против мастера.'
 'У женщины есть основания для иска против ремонтной мастерской и мастера.'
 'У женщины есть основания для иска против ремонтной мастерской и мастера, но только если мастер не оплатит счёт за ремонт.']",law
10,"Тот же ген, который вызывает различные узоры шерсти у диких и домашних кошек, также вызывает косоглазие у этих кошек, причем косоглазие является слегка неприспособленным. В гипотетической среде узор шерсти, связанный с косоглазием, высокоадаптивен, в результате чего и узор шерсти, и косоглазие увеличиваются в популяции кошек со временем. Какое утверждение подтверждается этими наблюдениями?","['Генетические мутации, вызывающие узор шерсти, более вероятны в этой популяции.'
 'Естественный отбор всегда приводит к исчезновению неприспособленных черт.'
 'Полигенное наследование обычно неприспособлено и должно стать менее распространенным в будущих поколениях.'
 'Этот сценарий опровергает теорию эволюции.'
 'Косоглазие на самом деле является адаптивной чертой в этой среде.'
 'Ген узора шерсти и ген косоглазия отдельны и не связаны.'
 'Фенотип часто является результатом компромисса.'
 'Эволюция прогрессивна и стремится к более совершенной популяции.'
 'Естественный отбор сокращает частоту неприспособленных генов в популяциях со временем.'
 'Косоглазие в конечном итоге исчезнет из популяции, поскольку оно неприспособлено.']",biology
11,"Если предельная склонность к потреблению составляет 0.8, какое максимальное увеличение ВВП может произойти в результате новых расходов в размере $500?","['$2,500' '$1,500' '$200' '$1,000' '$500' '$2,000' '$625' '$3,000' '$800'
 '$400']",economics
12,x=0.3168. Каково значение $x*\prod_{n=1}^\infty(1-\frac{x^2}{n^2 \pi^2})/sin(x)$?,['1.5' '1.0' '2.0' '1.732' '-1.0' '0.5' '0.0' '0.3168' '2.5' '3.14'],math
13,"В контексте статьи Гардинера, что означает ""фрагментация агентства""?","['неспособность агента признать свой вклад в изменение климата'
 'фрагментация воздействия выбросов парниковых газов на разные поколения'
 'огромное количество индивидуумов и агентов, вносящих вклад в изменение климата'
 'идея о том, что каждому индивиду не рационально ограничивать свое собственное загрязнение']",philosophy
14,"Когда элемент испускает альфа-частицу, массовое число результирующего элемента","['остаётся прежним' 'увеличивается на 4' 'уменьшается на 3'
 'увеличивается на 3' 'увеличивается на 1' 'уменьшается на 4'
 'увеличивается на 2' 'увеличивается на 5' 'уменьшается на 1'
 'уменьшается на 2']",physics
15,Какими способами можно определить терроризм?,"['Террористическая атака — это использование угрозы или организованного насилия для достижения политических целей. Это может включать в себя похищения и организованное насилие в целях финансовой выгоды, и такие атаки могут осуществляться как группами, так и отдельными лицами.'
 'Организация является ключевым элементом для успешной кампании по достижению политических целей. Акт терроризма направлен на аудиторию, которая выходит за рамки непосредственных жертв, и характеризуется как оружие слабых.'
 'Террористическое насилие — это форма психологической войны, которая вызывает страх у целевой аудитории, атакуя членов этой группы. Цели выбираются случайным образом из различных слоев общества в пределах государства, включая политических представителей, силы безопасности, гражданских лиц или правоохранительные органы. Случайные акты насилия способствуют чувству неуверенности и общественной нестабильности.'
 'Терроризм — это широкое понятие, которое означает угрозу или использование организованного насилия для достижения политических целей. Таким образом, определение может включать в себя правительства как цели или исполнителей, а также случаи войны (горячей и холодной), где террор и контртеррористические меры являются тактиками одной из сторон.']",other
16,"Средняя концентрация частиц свинца в городе с сильно загрязненным воздухом составляет 5\mug/m^3. Если взрослый человек вдыхает 8500 литров воздуха в день и если 50 процентов частиц размером меньше 1\mumin задерживаются в легких, рассчитайте, сколько свинца поглощается легкими каждый день. Из частиц свинца в городском воздухе 75 процентов имеют размер меньше 1\mumin.","['6.4 μg' '25.0 μg' '30.0 μg' '8.5\\mug' '10.6 μg' '21.3 μg' '42.5\\mug'
 '15.9\\mug' '37.5\\mug' '12.7 μg']",chemistry
17,Важным источником информации о кредитном рейтинге розничных предприятий является,"['Equifax, Inc.' 'National Retail Federation'
 'Small Business Administration' 'местная торгово-промышленная палата'
 ""Moody's Corporation"" 'Министерство торговли США'
 'Retail Merchants Association' 'Dun & Bradstreet, Inc.'
 'Better Business Bureau' 'United States Retail Credit Association']",other
18,"Упростите дробь, рационализируя знаменатель: $$\frac{4}{\sqrt{108}+2\sqrt{12}+2\sqrt{27}}.$$","['\\frac{1}{4\\sqrt{27}}' '\\frac{1}{2\\sqrt{3}}' '2\\sqrt{12}'
 '\\frac{1}{4\\sqrt{3}}' '2\\sqrt{27}' '\\frac{4\\sqrt{3}}{33}'
 '\\frac{4\\sqrt{3}}{27}' '\\frac{4\\sqrt{3}}{12}'
 '\\frac{4\\sqrt{3}}{108}' '\\frac{\\sqrt{3}}{12}']",math
19,"В магазине одежды Firestone на 1 августа был инвентарь на сумму $2,300. В течение августа закупки новых товаров составили $1,125, а продажи - $3,485. Если маржа с продаж составила 18%, оцените остаток товара на складе на 31 августа.","['$800.00' '$567.30' '$1,500.00' '$627.30' '$940.00' '$2,000.00'
 '$1,938.00' '$2,857.70' '$1,725.00' '$3,485']",business
20,"Найдите значение x для решений линейной системы: 7x - y = 15x, -6x + 8y = 15y.",['-1' '2' '1' '3' '-3/2' '-2' '0' '-5' '1/2' '4'],math
21,"Если реальный ВВП на душу населения составлял 20000 долларов в 1980 году и 21000 долларов в 1990 году, то мы можем сделать вывод, что уровень жизни увеличился","['на 2,5 процента.' 'на 1,0 процента.' 'на 4,0 процента.'
 'на 10,0 процентов.' 'на 50 процентов.' 'на 5,0 процентов.'
 'на 0,5 процента.' 'на 7,5 процента.' 'на 6,0 процентов.'
 'на 3,3 процента.']",economics
22,Какое из следующих утверждений о глобальном старении населения верно?,"['В старших возрастных группах мужчин больше, чем женщин.'
 'Темпы роста среднего возраста населения медленнее в развивающихся странах, чем в богатых странах.'
 'Глобальное старение населения сокращается благодаря прогрессу в области здравоохранения.'
 'К 2050 году большинство населения мира будет моложе 40 лет.'
 'У мужчин ниже смертность, чем у женщин, на протяжении всей жизни.'
 'Темпы роста среднего возраста населения выше в развивающихся странах, чем в богатых странах.'
 'Большинство пожилого населения мира сосредоточено в развитых странах.'
 'В старших возрастных группах количество мужчин и женщин одинаково.']",health
23,"Точка росы (температура, при которой водяной пар в данном образце воздуха становится насыщенным и возможна конденсация) массы воздуха при 15°C составляет 10°C. Рассчитайте относительную влажность и массу 1 литра влажного воздуха, если барометрическая высота составляет 76 см ртутного столба. Молекулярная масса воздуха составляет 28.9 г, а давления насыщенного водяного пара при 10°C и 15°C составляют соответственно 9.2 мм ртутного столба и 12.8 мм ртутного столба.","['Относительная влажность: 68%, Масса 1 литра влажного воздуха: 1.3 г'
 'Относительная влажность: 78%, Масса 1 литра влажного воздуха: 1.28 г'
 'Относительная влажность: 82%, Масса 1 литра влажного воздуха: 1.22 г'
 'Относительная влажность: 71.9%, Масса 1 литра влажного воздуха: 1.2346 г'
 'Относительная влажность: 80%, Масса 1 литра влажного воздуха: 1.25 г'
 'Относительная влажность: 70%, Масса 1 литра влажного воздуха: 1.5 г'
 'Относительная влажность: 65%, Масса 1 литра влажного воздуха: 1.2 г'
 'Относительная влажность: 67%, Масса 1 литра влажного воздуха: 1.35 г'
 'Относительная влажность: 72.5%, Масса 1 литра влажного воздуха: 1.19 г'
 'Относительная влажность: 75%, Масса 1 литра влажного воздуха: 1.1 г']",physics
24,"Когда кто-то пытается поддержать утверждение информацией, которая на самом деле не имеет отношения к выдвигаемому утверждению, этот человек, вероятно, допустил какую из следующих логических ошибок?",['человек из соломы' 'генетическая ошибка' 'несущественный вывод'],philosophy
25,"Из перечисленных соединений, какое имеет самую низкую температуру плавления?",['NaCl' 'LiCl' 'AlCl3' 'KCl' 'FeCl3' 'AgCl' 'CaCl2' 'HCl' 'MgCl2' 'CCl4'],chemistry
26,"Мать жалуется, что её 15-летняя дочь «живёт как свинья, она такая неряшливая и грязная». Она добавляет: «Чем больше я на неё кричу, тем хуже она становится». В терминах оперантного кондиционирования крик можно лучше всего объяснить как","['наказание' 'отрицательное наказание' 'отрицательное подкрепление'
 'некондиционированный стимул' 'положительное подкрепление'
 'нейтральный стимул' 'дискриминационный стимул для неряшливого поведения'
 'условный стимул' 'условная реакция' 'гашение']",psychology
27,"Серебряный доллар весит около 0.943 унции. Выразите этот вес в граммах, килограммах и миллиграммах.","['32.73 г, .03273 кг, 32,730 мг' '31.73 г, .03173 кг, 31,730 мг'
 '26.73 г, .02673 кг, 26,730 мг' '24.73 г, .02473 кг, 24,730 мг'
 '23.73 г, .02373 кг, 23,730 мг' '27.73 г, .02773 кг, 27,730 мг'
 '28.73 г, .02873 кг, 28,730 мг' '29.73 г, .02973 кг, 29,730 мг'
 '30.73 г, .03073 кг, 30,730 мг' '25.73 г, .02573 кг, 25,730 мг']",chemistry
28,"Земля и Солнце находятся на расстоянии 8,3 световых минут друг от друга. Игнорируйте их относительное движение для этой задачи и предположите, что они находятся в одной инерциальной системе отсчета, системе Земля-Солнце. События А и В происходят в момент t = 0 на Земле и через 2 минуты на Солнце соответственно. Найдите разницу во времени в минутах между событиями с точки зрения наблюдателя, движущегося со скоростью u = 0.8c от Земли к Солнцу. Повторите, если наблюдатель движется в противоположном направлении со скоростью u = 0.8c.",['18' '22' '16' '8' '24' '12' '10' '20' '14' '6'],physics
29,"Элементы с частично заполненными 4f или 5f орбиталями включают в себя все перечисленные, КРОМЕ",['Eu' 'Gd' 'Am' 'Cu'],chemistry
30,Определите мотив избегания успеха согласно Хорнер. Как она изучала этот мотив у женщин?,"['Мотив избегания успеха в профессиональной и интеллектуальной деятельности, чтобы гарантировать успех в эмоциональных и межличностных отношениях'
 'Идея о том, что женщины по своей природе менее амбициозны, чем мужчины'
 'Успех приводит к негативным последствиям'
 'Убеждение, что успех по сути недостижим для женщин']",psychology
31,"Бернстайн считал, что использование 'ограниченных кодов' языка ставит учащихся в невыгодное положение в школе, потому что:","['они мешают детям общаться вне своей группы сверстников'
 'такой стиль речи делает их объектом издевательств'
 'они включают короткие, простые предложения с ограниченным словарным запасом'
 'они подавляют творчество и оригинальное мышление'
 'они относятся к явным, не зависящим от контекста значениям'
 'они приводят к плохим результатам на стандартизированных тестах'
 'их трудно понять учителям']",other
32,"Какой процент взрослого населения США в 2018 году считал, что компьютерные программы всегда будут отражать человеческие предвзятости?",['25%' '73%' '58%' '66%' '88%' '90%' '48%' '43%' '33%' '78%'],other
33,"Найдите размеры параллелепипеда максимального объема, описанного вокруг сферы радиуса $R$.","['$\\frac{2}{\\sqrt{2}}R$' '$\\frac{3}{\\sqrt{2}}R$' '$R$' '$\\sqrt{2}R$'
 '$\\frac{1}{\\sqrt{3}}R$' ' $\\frac{2}{\\sqrt{3}}$$R$'
 '$\\frac{4}{\\sqrt{3}}R$' '$\\frac{1}{\\sqrt{2}}R$'
 '$\\frac{2\\sqrt{2}}{\\sqrt{3}}R$' '$2R$']",physics
34,Какое из следующих утверждений о росте нижней челюсти верно?,"['Функциональная матрица, действующая на угол нижней челюсти, - это медиальная крыловидная мышца'
 'Симфиз подбородка никогда полностью не срастается'
 'Центр окостенения появляется примерно на 8-й неделе внутриутробного развития медиально от хряща Меккеля'
 'Мандибулярное отверстие изменяет своё положение в процессе роста'
 'Хрящевая ткань кондиляра прекращает свою активность в период полового созревания'
 'Центр окостенения появляется примерно на 12-й неделе внутриутробного развития медиально от хряща Меккеля'
 'Функциональная матрица, действующая на угол нижней челюсти, - это латеральная крыловидная мышца'
 'Хрящевая ткань кондиляра остаётся активной на протяжении всей жизни'
 'Рост нижней челюсти прекращается в начале подросткового возраста'
 'Симфиз подбородка закрывается примерно через год после рождения']",health
35,"(a) Линия передачи состоит из двух медных проводов № 0 и имеет длину 5 миль. Сколько мощности теряется в линии, когда по ней проходит ток в 75 ампер? (b) Сколько калорий тепла в час выделяется в электрическом обогревателе, который потребляет 7,5 ампер при напряжении 110 вольт?","['29.7 киловатт; 712,800 калорий' '26 киловатт; 695,000 калорий'
 '31 киловатт; 720,000 калорий' '28.5 киловатт; 715,500 калорий'
 '30.5 киловатт; 725,000 калорий' '32 киловатт; 730,000 калорий'
 '30 киловатт; 715,000 калорий' '27.5 киловатт; 705,000 калорий'
 '29 киловатт; 700,000 калорий' '28 киловатт; 710,000 калорий']",engineering
36,"Роя заплатила 48 долларов за 12 коробок апельсинового сока. Какова цена за одну коробку апельсинового сока, которую заплатила Роя?",['$3 ' '$9' '$8' '$6 ' '$7' '$10' '$5' '$12 ' '$4 ' '$2'],math
37,"Пападаки считает, что в случаях, когда партнеры в отношениях взаимно отрицают человечность друг друга,","['контекст отношений не имеет значения при определении сексуальной объективации.'
 'происходит сексуальная объективация.'
 'контекст отношений определит, произошла ли сексуальная объективация.'
 'сексуальная объективация действительна только в невзаимном контексте.'
 'только физическое насилие квалифицируется как сексуальная объективация.'
 'оба партнера не способны к сексуальной объективации друг друга.'
 'нет однозначного ответа на вопрос о том, происходит ли сексуальная объективация.'
 'сексуальная объективация не происходит.'
 'партнер, отрицающий человечность другого, всегда является тем, кто сексуально объективирует.'
 'ни один из партнеров не способен на сексуальную объективацию.']",philosophy
38,Какие отличительные особенности различных отрядов насекомых?,"['Насекомые классифицируются по количеству ног и форме их усиков'
 'Насекомые делятся на группы в зависимости от их цвета и размера'
 'Насекомые различают по типу почвы, в которой они обитают, и их устойчивости к изменениям окружающей среды'
 'Насекомые разделяют на разные отряды в основном на основе структуры крыльев, типа ротовых частей и типа метаморфоз, которым они подвергаются. Класс Insecta делится на два подкласса: Apterygota и Pterygota.'
 'Отряды насекомых определяются наличием или отсутствием целома и типом дыхательной системы'
 'Насекомые группируются в зависимости от способа передвижения и времени кормления'
 'Насекомые делятся на группы в зависимости от их местообитания и диеты'
 'Насекомые классифицируются по их способности издавать звуки и ритуалам спаривания'
 'Насекомые разделяют на группы в зависимости от продолжительности их жизни и способа размножения'
 'Классификация насекомых основывается на их социальном поведении и сложности их гнезд или колоний']",biology
39,"Ящерица, не имеющая химического защитного механизма, но окрашенная так же, как ящерица с защитным механизмом, демонстрирует","['Дизруптивную окраску.' 'Предупредительную окраску.'
 'Апосометрическую окраску.' 'Криптическую окраску.' 'Мюллерово мимикри.'
 'Агрессивное мимикри.' 'Камуфляж.' 'Мертенсово мимикри.'
 'Апосематическую окраску.' 'Батезианское мимикри.']",biology
40,"Спрос на инвестиции, скорее всего, увеличивается, когда","['фондовый рынок переживает спад.' 'ставки инфляции растут.'
 'реальная процентная ставка увеличивается.'
 'экономика входит в рецессию.'
 'глобальная экономическая нестабильность высока.'
 'государственное регулирование бизнеса усиливается.'
 'уровень безработицы увеличивается.'
 'стоимость приобретения и обслуживания капитального оборудования растет.'
 'реальный ВВП снижается.' 'оптимизм инвесторов улучшается.']",economics
41,"Положительные целые числа $x$ и $y$ имеют произведение 56, и $x < y$. Семь раз обратное значение меньшего числа плюс четырнадцать раз обратное значение большего числа равно 4. Каково значение $x$?",['13' '2' '14' '1' '6' '3' '7' '8' '5' '4'],math
42,Расписание музыкального шоукейса включает 3 выступления по 20 минут каждое и 1 выступление на 40 минут. Между выступлениями предусмотрен перерыв в 10 минут. Общая продолжительность музыкального шоукейса составляет 3(20 + 10) + 40 минут. Какова общая продолжительность музыкального шоукейса?,"['160 минут' '140 минут' '73 минуты' '120 минут' '110 минут' '200 минут'
 '150 минут' '210 минут' '180 минут' '130 минут']",math
43,В какой из следующих ситуаций опьянение подсудимого НЕ сможет исключить его уголовную ответственность?,"['Подсудимый весь вечер выпивал в баре с тремя своими друзьями. Следователь под прикрытием услышал, как подсудимый и его друзья планировали ограбить бар после закрытия. Когда подсудимый попытался достать пистолет из пальто, его быстро обезоружил и арестовал следователь. Подсудимого обвиняют в заговоре с целью совершения ограбления.'
 'После употребления большого количества алкоголя на вечеринке подсудимый решил поджечь машину соседа из злости. Его видели свидетели, и позже его арестовали и обвинили в поджоге.'
 'Подсудимый выпивал в местном пабе и вступил в ожесточенную ссору с другим посетителем. Ссора переросла в драку, и подсудимый достал карманный нож и ударил другого посетителя. Подсудимого арестовали и обвинили в покушении на убийство.'
 'Подсудимый выпил бутылку бурбона. Позже в тот же день он подошел к жертве, угрожая ножом, и сказал ей идти с ним, иначе он ее ударит. Он повел жертву к своей машине и потребовал раздеться. Когда жертва снимала колготки, она ударила подсудимого ногой в голову, временно ошеломив его. Жертва затем безопасно убежала от машины. Подсудимого арестовали и обвинили в нападении с намерением совершить изнасилование.'
 'Подсудимый провел вечер, выпивая в баре. По пути домой он вломился в дом с намерением украсть ценности. Однако он уснул на диване, так и не украв ничего. Его обнаружили хозяева дома и арестовали, обвинив в покушении на ограбление.'
 'На вечеринке по случаю окончания юридического факультета подсудимый выпил две шестерки пива. Около полуночи к нему подошла девушка, которая попросила его отвезти ее домой. Хотя девушке было всего 15 лет, она выглядела на женщину в возрасте двадцати с лишним лет. Подсудимый, который следил за девушкой всю ночь, быстро согласился и повел ее к своей машине. Они занялись сексом в машине. В этой юрисдикции возраст согласия для женщин составляет 17 лет. Подсудимого впоследствии арестовали и обвинили в изнасиловании несовершеннолетней.'
 'Подсудимый выпивал в баре, когда заметил, что женщина оставила свою сумочку без присмотра. Он украл сумочку и позже был арестован и обвинен в краже.'
 'Подсудимый был на свадебном приеме в отеле, где выпил несколько водочных дайкири. После приема подсудимый вступил в жестокую ссору с парковщиком отеля. Подсудимый взял крестовину из своей машины и бросил ее в парковщика. Крестовина промахнулась мимо парковщика и попала в пострадавшего, когда тот входил в отель. Подсудимого арестовали и обвинили в нападении с намерением нанести телесные повреждения.'
 'Подсудимый сильно выпил в доме друга. Позже в тот вечер он решил ехать домой, несмотря на значительное превышение законного предела содержания алкоголя в крови. По пути он проехал на красный свет и сбил пешехода, переходившего дорогу. Подсудимого арестовали и обвинили в убийстве на дороге.'
 'После ночи сильного пьянства подсудимый вломился в ювелирный магазин и украл несколько дорогих предметов. Его засняли камеры видеонаблюдения магазина, и позже его арестовали и обвинили в краже с проникновением.']",law
44,"Каково максимально допустимое дозирование для научных работников, использующих \Upsilon-излучение, равное 6.25 миллирентген в час? Каково безопасное расстояние от источника кобальта-60 мощностью 20 Ки, если доза излучения на расстоянии 1 м составляет 27 рентген (R) в час? Если источник используется в свинцовом контейнере, который снижает уровень \Upsilon-излучения до 1%, насколько ближе могут работать ученые?","['80 м и 8 м' '85 м и 8.5 м' '90 м и 9 м' '60 м и 5.7 м' '55 м и 5.5 м'
 '70 м и 7 м' '65.7 м и 6.57 м' '72 м и 7.2 м' '50 м и 5 м' '75 м и 7.5 м']",physics
45,"Во время проверки финансовой отчетности непубличной компании бухгалтер обнаруживает несколько аренд, которые должны были быть капитализированы, но не были. Бухгалтер считает эти аренды существенными для финансовой отчетности. Бухгалтер решает изменить стандартный отчет о проверке, поскольку руководство отказывается капитализировать аренды. В этих условиях бухгалтер должен","['Заявить, что финансовая отчетность не соответствует GAAP (Общепринятым принципам бухгалтерского учета).'
 'Выдать неизмененное заключение с добавлением параграфа о важных вопросах.'
 'Раскрыть отклонение от GAAP в отдельном параграфе отчета бухгалтера.'
 'Отказаться выдавать отчет до капитализации аренд.'
 'Указать, что финансовая отчетность не содержит существенных искажений.'
 'Выдать отказ от мнения из-за отклонения от GAAP.'
 'Выдать негативное заключение из-за отклонения от GAAP.'
 'Подчеркнуть, что финансовая отчетность предназначена только для ограниченного использования.'
 'Выразить ограниченное уверение в финансовой отчетности организации.'
 'Не выражать никакого уверения по финансовой отчетности организации.']",other
46,"Гоночный автомобиль проезжает один конец трибуны со скоростью 50 футов/сек. Он замедляется с постоянным ускорением a\ding{217}, так что его скорость, когда он проезжает другой конец трибуны, составляет 10 футов/сек. (a) Если этот процесс занимает 20 секунд, рассчитайте ускорение a\ding{217} и (b) длину трибуны.","['Ускорение составляет -1 фут/сек^2 и длина трибуны 800 футов'
 'Ускорение составляет -3 фут/сек^2 и длина трибуны 500 футов'
 'Ускорение составляет -2 фут/сек^2 и длина трибуны 500 футов'
 'Ускорение составляет -1 фут/сек^2 и длина трибуны 700 футов'
 'Ускорение составляет -0.5 фут/сек^2 и длина трибуны 800 футов'
 'Ускорение составляет -1.5 фут/сек^2 и длина трибуны 750 футов'
 'Ускорение составляет -2 фут/сек^2 и длина трибуны 600 футов'
 'Ускорение составляет -2 фут/сек^2 и длина трибуны 700 футов'
 'Ускорение составляет -1.5 фут/сек^2 и длина трибуны 650 футов'
 'Ускорение составляет -2.5 фут/сек^2 и длина трибуны 550 футов']",physics
47,Свет попадает в глаз через отверстие в,"['сетчатке.' 'роговице.' 'радужке.' 'слепом пятне.' 'линзе.'
 'стекловидном теле.' 'зрачке.' 'склере.' 'зрительном нерве.'
 'конъюнктиве.']",psychology
48,Какой остаток получится при делении $2^{87} +3$ на $7$?,['1' '2' '5' '8' '7' '0' '6' '9' '4' '3'],math
49,"Рассмотрите доказательства, поддерживающие теорию о существовании двух различных систем кодирования и памяти — визуальной и вербальной.","['Визуальное кодирование управляется мозжечком, а вербальное — затылочным долем.'
 'Визуальная информация обрабатывается в лобной доле, в то время как вербальная информация хранится в височной доле.'
 'Оба вида кодирования, визуальное и вербальное, обрабатываются в височных долях, без различия между ними.'
 'Существует только одна система кодирования и памяти, которая обрабатывает как визуальную, так и вербальную информацию.'
 'Системы кодирования и памяти визуальной и вербальной информации полностью отдельны и не пересекаются.'
 'Гиппокамп отвечает исключительно за визуальную память, в то время как амигдала управляет вербальной памятью.'
 'Вербальное обучение связано с теменной долей, в то время как визуальное обучение в мозге не обрабатывается.'
 'Только левая сторона мозга отвечает за обучение как визуальному, так и вербальному.'
 'Правая сторона мозга является центром обработки пространственной или визуальной информации, в то время как левая сторона отвечает за вербальное обучение и память.'
 'Системы вербальной и визуальной памяти локализованы в одном и том же полушарии мозга.']",psychology
50,"Предположим, что все газы идеальны и данные относятся к температуре 298.15 К, если не указано иное. Образец, содержащий $3.00 \mathrm{~mol}$ молекул двухатомного идеального газа при $200 \mathrm{~K}$, сжимается обратимо и адиабатически до тех пор, пока его температура не достигнет $250 \mathrm{~K}$. Учитывая, что $C_{V, \mathrm{~m}}=27.5 \mathrm{~J} \mathrm{~K}^{-1} \mathrm{~mol}^{-1}$, рассчитайте $\Delta S$.","['40 Дж К$^{-1}$ моль$^{-1}$' '15 Дж К$^{-1}$ моль$^{-1}$'
 '30 Дж К$^{-1}$ моль$^{-1}$' '20 Дж К$^{-1}$ моль$^{-1}$' '0'
 '25 Дж К$^{-1}$ моль$^{-1}$' '5 Дж К$^{-1}$ моль$^{-1}$'
 '10 Дж К$^{-1}$ моль$^{-1}$' '-20 Дж К$^{-1}$ моль$^{-1}$'
 '-10 Дж К$^{-1}$ моль$^{-1}$']",chemistry
51,"Сколькими способами можно разделить группу из 6 человек на 2 команды, учитывая, что порядок участников в каждой команде имеет значение?",['2000' '720' '2100' '300' '1200' '1800' '400' '1500' '3240' '800'],math
52,"57-летний мужчина получает лучевую терапию для лечения плоскоклеточного карцинома легкого. Несмотря на терапию, опухоль продолжает увеличиваться в размерах, и через 6 месяцев мужчина умирает. В его опухолевых клетках обнаружена точечная мутация в гене p53 (TP53), в результате чего продукт гена становится неактивным. Исходя из этих данных, прогрессирование роста опухоли, несмотря на лучевую терапию, скорее всего связано с дефектом ареста клеточного цикла в какой из следующих фаз клеточного цикла?","['Метафаза' 'G1' 'Профаза' 'G0' 'Прометафаза' 'S фаза' 'Анафаза' 'M'
 'Телофаза' 'G2']",health
53,Какая из перечисленных анатомических структур является гомологичной крылу птицы?,"['Ласт плотоядного кита' 'Антенны бабочки' 'Крыло бабочки'
 'Задняя конечность слона' 'Передняя конечность крокодила'
 'Спинной плавник акулы' 'Панцирь черепахи' 'Рог носорога'
 'Задняя конечность кенгуру' 'Хвост бобра']",biology
54,Средний вес новорожденных у людей составляет около 3 кг. Какой из следующих терминов наилучшим образом описывает это?,"['дестабилизирующий отбор' 'половой отбор' 'эффект бутылочного горлышка'
 'неслучайное скрещивание' 'стабилизирующий отбор' 'генетический дрейф'
 'направленный отбор' 'эффект основателя' 'диверсифицирующий отбор'
 'искусственный отбор']",biology
55,Какой вариант наилучшим образом представляет путь импульса по рефлекторной дуге?,"['интернейрон, афферентный нейрон, эфферентный нейрон, рецептор, эффектор'
 'эффектор, сенсорный нейрон, афферентный нейрон, интернейрон, рецептор'
 'сенсорный нейрон, интернейрон, афферентный нейрон, эфферентный нейрон, эффектор'
 'сенсорный нейрон, афферентный нейрон, интернейрон, эфферентный нейрон, рецептор'
 'рецептор, эфферентный нейрон, интернейрон, афферентный нейрон, эффектор'
 'эфферентный нейрон, интернейрон, афферентный нейрон, рецептор, эффектор'
 'рецептор, афферентный нейрон, эфферентный нейрон, интернейрон, эффектор'
 'рецептор, эфферентный нейрон, афферентный нейрон, интернейрон, эффектор'
 'афферентный нейрон, рецептор, эфферентный нейрон, интернейрон, эффектор'
 'рецептор, афферентный нейрон, интернейрон, эфферентный нейрон, эффектор']",psychology
56,"Дети начинают сознательно и регулярно использовать такие стратегии памяти, как повторение, развитие и организация, начиная с возраста _____ лет.","['18 до 20' '5 до 7' '13 до 15' '10 до 12' '3 до 4' '11 до 12' '7 до 8'
 '9 до 10' '2 до 3' '15 до 17']",psychology
57,"(a) Смесь воздуха и водяного пара проходит над плоской пластиной длиной 2 фута со скоростью 210 фут/сек при 1 атм и 75°F. Определите коэффициент массопереноса водяного пара в воздухе, если поток турбулентный и концентрация водяного пара в воздухе очень низкая (т.е., P_bm/ P \approx 1). (b) Найдите коэффициент массопереноса водяного пара в воздухе, когда смесь проходит над сферой диаметром 3 дюйма. Предполагайте, что все остальные условия такие же, как в части (a).","['0.600 фут/сек для плоской пластины, 0.300 фут/сек для сферы'
 '0.516 фут/сек для плоской пластины, 0.25 фут/сек для сферы'
 '0.25 фут/сек для плоской пластины, 0.516 фут/сек для сферы'
 '0.400 фут/сек для плоской пластины, 0.200 фут/сек для сферы'
 '0.312 фут/сек для плоской пластины, 0.156 фут/сек для сферы'
 '0.25 фут/сек для плоской пластины и сферы'
 '0.156 фут/сек для плоской пластины, 0.312 фут/сек для сферы'
 '0.516 фут/сек для плоской пластины и сферы'
 '0.450 фут/сек для плоской пластины, 0.225 фут/сек для сферы'
 '0.225 фут/сек для плоской пластины, 0.450 фут/сек для сферы']",engineering
58,"Определенный дисковый блок использует строку битов для записи информации о занятости или свободности его дорожек, где 0 обозначает свободную, а 1 - занятую. 32-битный сегмент этой строки имеет шестнадцатеричное значение D4FE2003. Процент занятых дорожек для соответствующей части диска, округленный до ближайшего процента, составляет",['69%' '38%' '12%' '50%' '25%' '75%' '44%' '62%' '56%' '81%'],computer science
59,"Предположим, что за год по кредиту в размере $500 взимается фиксированная комиссия по следующим ставкам: (a) 3%, (b) 5%. Каков будет ежемесячный платеж и реальная годовая процентная ставка, которую платит заёмщик в каждом случае? (Укажите процентную ставку с точностью до десятых долей процента.)","['Ежемесячные платежи: $43.92 при 3% и $42.75 при 5%; Реальные годовые процентные ставки: 5.2% при 3% и 9.5% при 5%'
 'Ежемесячные платежи: $42.92 при 3% и $43.75 при 5%; Реальные годовые процентные ставки: 5.5% при 3% и 9.2% при 5%'
 'Ежемесячные платежи: $41.67 при 3% и $44.17 при 5%; Реальные годовые процентные ставки: 6.8% при 3% и 10.9% при 5%'
 'Ежемесячные платежи: $42.50 при 3% и $43.33 при 5%; Реальные годовые процентные ставки: 4.8% при 3% и 8.7% при 5%'
 'Ежемесячные платежи: $41.92 при 3% и $44.75 при 5%; Реальные годовые процентные ставки: 6.5% при 3% и 10.2% при 5%'
 'Ежемесячные платежи: $41.25 при 3% и $45.42 при 5%; Реальные годовые процентные ставки: 3.8% при 3% и 7.9% при 5%'
 'Ежемесячные платежи: $45.00 при 3% и $40.00 при 5%; Реальные годовые процентные ставки: 7.5% при 3% и 12.0% при 5%'
 'Ежемесячные платежи: $43.75 при 3% и $42.92 при 5%; Реальные годовые процентные ставки: 5.0% при 3% и 8.5% при 5%'
 'Ежемесячные платежи: $44.17 при 3% и $41.67 при 5%; Реальные годовые процентные ставки: 6.2% при 3% и 11.1% при 5%'
 'Ежемесячные платежи: $42.92 при 3% и $43.75 при 5%; Реальные годовые процентные ставки: 4.5% при 3% и 8.2% при 5%']",business
60,Рассмотрим затухающий гармонический осциллятор. После четырех циклов амплитуда осциллятора уменьшилась до $1 / e$ от его начального значения. Найдите отношение частоты затухающего осциллятора к его собственной частоте.,"['$\\frac{4 \\pi}{\\sqrt{16 \\pi^2+1}}$'
 '$\\frac{2 \\pi}{\\sqrt{4 \\pi^2+1}}$'
 '$\\frac{12 \\pi}{\\sqrt{144 \\pi^2+1}}$'
 '$\\frac{5 \\pi}{\\sqrt{25 \\pi^2+1}}$'
 '$\\frac{10 \\pi}{\\sqrt{100 \\pi^2+1}}$'
 '$\\frac{6 \\pi}{\\sqrt{36 \\pi^2+1}}$'
 '$\\frac{9 \\pi}{\\sqrt{81 \\pi^2+1}}$'
 '$\\frac{7 \\pi}{\\sqrt{49 \\pi^2+1}}$'
 ' $\\frac{8 \\pi}{\\sqrt{64 \\pi^2+1}}$']",physics
61,"Один мужчина раньше времени вернулся домой с работы. Он пошёл в спальню и, открыв дверь, увидел свою жену и другого мужчину в постели вместе. Явно расстроенный, муж потребовал, чтобы другой мужчина ушёл. Когда тот начал натягивать штаны, он достал пистолет, опасаясь, что муж собирается напасть на него. Увидев пистолет, муж набросился на мужчину и сильно скрутил ему шею, сломав её и убив. В чём, если вообще, виноват муж?","['Нет преступления.' 'Убийство второй степени.' 'Убийство.' 'Самооборона.'
 'Убийство первой степени.' 'Непредумышленное убийство.' 'Нападение.'
 'Оправданное убийство.' 'Тяжкое нападение.']",law
62,Антикодирующая (некодирующая) цепь ДНК имеет последовательность 5' ATG GAT AAA GIT TTA AAC AGA GAG GAA TCT 3'. Какова a) кодирующая цепь? b) транскрибированная мРНК? c) транслированная полипептидная цепь?,"[""3' TAG GAT AAA GCT TTA AAC AGA GAG GAA TCT 5', 5' AUC CUA UUU CGA AAU UUG UCU CUC CUU AGA 3', Иле-Лей-Фен-Арг-Асн-Лей-Сер-Лей-Лей-Арг""
 ""3' TAC CTA TTT CAA AAT TTG TCT CTC CTTAGA 5', 5' AUG GAU AAA GUU UUA AAC AGA GAG GAA UCU 3', Мет-Асп-Лиз-Вал-Лей-Асн-Арг-Глу""
 ""3' TAC CTA TTT CAA AAT TTG TCT CTC CTT AGA 5', 5' AUG GAU AAA GUU UUA AAC AGA GAG GAA UCU 3', Мет-Асп-Лиз-Вал-Лей-Асн-Арг-Глу""
 ""3' ATG GAT AAA GIT TTA AAC AGA GAG GAA TCT 5', 5' UAC CUA UUU GUA AAU UUG UCU CUC CUU AGA 3', Тир-Лей-Фен-Вал-Асн-Лей-Сер-Лей-Лей-Арг""
 ""3' UAC CUA UUU CAA AAT TTG TCT CTC CTT AGA 5', 5' AUG GAU AAA GUC UUA AAC AGA GAG GAA UCU 3', Мет-Асп-Лиз-Вал-Лей-Асн-Арг-Глу-Глу-Сер""
 ""3' TAC CTA TTT CAA AAT TTG TCT CTC CTTAGA 5', 5' AUG GAU AAA GUU UUA AAC AGA GAG GAA UCU 3', Мет-Асп-Лиз-Вал-Лей-Асн-Арг-Глу-Глу""
 ""3' TAG GAT AAA GIT TTA AAC AGA GAG GAA TCT 5', 5' AUG GAU AAA GUU UUA AAC AGA GAG GAA UCU 3', Мет-Асп-Лиз-Вал-Лей-Асн-Арг-Глу-Глу-Сер""
 ""3' TAC CTA TTT CAA AAT TTG TCT CTC CTTAGA 5', 5' AUG GAU AAA GUU UUA AAC AGA GAG GAA UCU 3', Мет-Асп-Лиз-Вал-Лей-Асн-Арг-Глу-Глу-Сер""
 ""3' TAC CTA TTT CAA AAT TTG TCT CTC CTTAGA 5', 5' AUG GAU AAA GUU UUA AAC AGA GAG GAA UCU 3', Мет-Асп-Лиз-Вал-Лей-Асн""]",biology
63,"Многочисленные факторно-аналитические исследования были проведены по тестам моторной функции (например, Purdue Pegboard). В общем, эти исследования показали, что","['большинство моторных функций определяются возрастом и полом'
 'моторные функции независимы и не коррелируют'
 'моторные функции умеренно коррелируют и формируют 3-4 фактора'
 'большинство моторных функций сильно коррелируют и формируют один фактор'
 'большинство моторных функций сильно коррелируют и формируют два одиночных фактора'
 'моторные функции лучше всего представлены физической подготовкой'
 'два фактора, скорость и сила, объясняют большую часть общей вариативности'
 'большинство моторных функций высоко специфичны'
 'три фактора, скорость, сила и координация, объясняют большую часть общей вариативности'
 'большинство моторных функций хорошо представлены интеллектом']",psychology
64,"Какова должна быть скорость v свинцовой пули, чтобы она расплавилась при ударе о стальную плиту? Начальная температура пули T_0 = 300° K, её температура плавления T_1 = 700° K, теплота плавления q = 5 кал/г, и удельная теплоёмкость c = 0.03 кал/г°K.","['420 м/сек' '450 м/сек' '500 м/сек' '380 м/сек' '400 м/сек' '300 м/сек'
 '350 м/сек' '275 м/сек' '320 м/сек' '340 м/сек']",physics
65,"Рассчитайте минимальную мощность, необходимую для охлаждения 100 фунт-молей воздуха в минуту с 550°R до 500°R при окружающей температуре 550°R.","['- 1600 Btu/мин или - 37.7 л.с.' '- 2100 Btu/мин или - 49.8 л.с.'
 '- 1500 Btu/мин или - 35.7 л.с.' '- 1300 Btu/мин или - 30.8 л.с.'
 '- 2200 Btu/мин или - 52.2 л.с.' '- 1900 Btu/мин или - 45.0 л.с.'
 '- 2000 Btu/мин или - 47.4 л.с.' '- 1400 Btu/мин или - 33.2 л.с.'
 '- 1800 Btu/мин или - 42.7 л.с.' '- 1700 Btu/мин или - 40.7 л.с.']",engineering
66,"Когнитивисты утверждают, что классическое условливание происходит в результате","['страха перед безусловным стимулом'
 'ассоциации между условным стимулом и безусловной реакцией'
 'ожидания безусловной реакции после безусловного стимула'
 'ожидания того, что последует после условного стимула'
 'выученного поведения, возникающего в результате повторения безусловного стимула и реакции'
 'ассоциации между условным стимулом и условной реакцией'
 'изменения в поведении индивида из-за безусловного стимула'
 'памяти о безусловной реакции'
 'ассоциации между безусловным стимулом и условным стимулом'
 'ассоциации между безусловным стимулом и безусловной реакцией']",psychology
67,"Адам Смит подробно описал превосходную производительность, достигаемую благодаря разделению труда. Что, по его мнению, ограничивало разделение труда?","['Общий размер населения' 'уровень технологий'
 'Географическое распределение ресурсов'
 'Количество различных видов деятельности в экономике'
 'размер потенциальных рынков' 'доступность капитала'
 'уровень квалификации рабочей силы' 'Эффективность системы образования'
 'Культурные отношения к труду' 'Государственные регуляции и политика']",economics
68,"Программист пишет программу, предназначенную для обработки больших объемов данных. Какой из следующих факторов наименее вероятно повлияет на способность программы обрабатывать большие наборы данных?","['Как много места на диске требуется программе во время ее работы'
 'Количество пользователей, одновременно использующих программу'
 'Время, необходимое программе для выполнения'
 'Количество программных инструкций, содержащихся в программе'
 'Язык программирования, на котором написана программа'
 'Количество памяти, требуемое программе во время ее работы'
 'Скорость процессора компьютера, на котором выполняется программа']",computer science
69,Отрицательный точечный заряд в 10^-6 кулонов расположен в воздухе в начале прямоугольной системы координат. Второй отрицательный точечный заряд в 10^-4 кулонов находится на положительной оси x на расстоянии 50 см от начала координат. Какая сила действует на второй заряд?,"['3.6 ньютонов' '3.2 ньютона' '1.2 ньютона' '1.6 ньютона' '2.0 ньютона'
 '4.0 ньютона' '0.36 ньютона' '5.6 ньютонов' '4.6 ньютонов' '2.6 ньютонов']",engineering
70,"AIDA означает осведомлённость, ________, желание и _________.","['Интенсивность; привлекательность.' 'Интерес; достижение.'
 'Интерес; привлекательность.' 'Вовлечённость; привлекательность.'
 'Вовлечённость; действие.' 'Интенсивность; действие.'
 'Важность; действие.' 'Включение; действие.'
 'Вовлечённость; корректировка.' 'Интерес; действие.']",business
71,Какой набор целых чисел расположен в порядке от наименьшего к наибольшему?,"['11, −9, 7, −6, −3' '7, 11, −6, −3, −9' '−3, 7, −9, −6, 11'
 '−6, −3, 7, 11, −9' '−9, −3, 7, 11, −6' '−3, −6, 7, 11, −9'
 '−9, 7, −6, −3, 11' '−9, −6, −3, 7, 11' '11, 7, −3, −6, −9'
 '7, −9, −6, −3, 11']",math
72,"Этот вопрос относится к следующей информации.
Прочтите следующий правительственный отчет.
Из 450 больных людей, которым жители не могли помочь, 200 были выгнаны, и мы видели, как они умирали один за другим, лежа у дороги. Многие все еще остаются, и каждому из них можно выделить лишь малейший кусочек хлеба. Мы даем хлеб только тем, кто иначе умрет. Основное блюдо здесь состоит из мышей, которых жители охотятся, так как они отчаянно голодны. Они поедают корни, которые не могут съесть животные; на самом деле невозможно словами передать то, что видишь... Этот рассказ, далеко не преувеличивая, скорее уменьшает ужас ситуации, потому что не описывает и сотой части бедствий в этом районе. Те, кто не видел этого своими глазами, не могут представить, насколько это велико. Не проходит и дня, чтобы не умирало от голода хотя бы 200 человек в двух провинциях. Мы можем подтвердить, что видели стада, не скота, а мужчин и женщин, которые бродили по полям между Реймсом и Ретелем, переворачивая землю, как свиньи, в поисках нескольких корней; и так как они находят только гнилые корни, и тех недостаточно, они становятся настолько слабыми, что у них не остается сил искать пищу. Парох из Бульта, письмо которого мы прилагаем, сообщает, что похоронил троих своих прихожан, умерших от голода. Остальные питались измельченной соломой, смешанной с землей, из которой они делали пищу, которую нельзя назвать хлебом. Другие люди в том же месте питались тушами животных, павших от болезней, и которых кюре, не имея другой возможности помочь своим людям, разрешил жарить у костра в пресвитерии.
—Отчет Сословий Нормандии, 1651
Какая из следующих мер могла бы наиболее эффективно решить проблемы голода, упомянутые выше?","['Развитие системы социального обеспечения для поддержки нуждающихся'
 'Увеличение численности населения в XVII веке, что привело к увеличению числа работников на полях'
 'Открытие новых торговых путей, которые привели к поступлению большего количества продовольствия'
 'Ликвидация паровых полей в ходе сельскохозяйственной революции в XVII веке'
 'Введение новых культур из Нового Света во время Колумбова обмена'
 'Внедрение универсального базового дохода'
 'Искоренение Черной смерти в Европе в XVII веке'
 'Создание сильной системы домашнего промысла, позволяющей людям получать оплату за свою работу'
 'Сокращение численности населения в XVII веке, что привело к лучшему урожаю и меньшему голоду по мере урбанизации Европы']",history
73,"Ритейлер, торгующий обувью, поддерживает единую базу данных, содержащую записи со следующей информацией о каждом товаре, продаваемом в магазине ритейлера.

   ° Идентификационный номер товара
   ° Тип обуви (кроссовки, ботинки, сандалии и т.д.)
   ° Цена продажи (в долларах)
   ° Размер
   ° Цвет
   ° Доступное количество

 Используя только базу данных, что из перечисленного можно определить?","['Какие товары, перечисленные в базе данных, в настоящее время отсутствуют в магазине'
 'Какой тип обуви наиболее популярен среди взрослых'
 'Общая прибыль от продажи определённого типа обуви'
 'Какие цвета более популярны среди мужчин, чем среди женщин'
 'Общее количество обуви, проданное в определённый месяц']",computer science
74,"Миссис Вальдес платит налог на имущество в размере 2,432 процента от стоимости своего дома. Кроме того, взимается комиссия за сбор в размере 1% от налога. Если общая сумма налога на её дом составила $70.62, какова оценочная стоимость её дома?","['$3,000' '$3,150' '$3,250' '$3,500' '$2,875' '$2,500' '$2,750' '$2,600'
 '$2,950' '$3,100']",business
75,"В романе 400 страниц, и Вероника хочет оценить, сколько времени ей потребуется, чтобы прочитать его. Она читает 250 слов в минуту. Она посчитала слова на одной четверти типичной страницы и выяснила, что на странице примерно 200 слов. Сколько времени, округляя до ближайшей минуты, потребуется Веронике, чтобы прочитать книгу?",['375' '275' '425' '320' '300' '350' '400' '225' '450' '500'],math
76,"Утверждение 1| Оценщик плотности ядра эквивалентен выполнению регрессии с ядром, где значение Yi = 1/n для каждой точки Xi в исходном наборе данных. Утверждение 2| Глубина обученного дерева решений может быть больше, чем количество обучающих примеров, использованных для создания дерева.","['Оба утверждения зависят от контекста' 'Верно, Верно'
 'Утверждение 1 верно только для непараметрических ядер, Утверждение 2 неверно'
 'Оба утверждения частично верны' 'Неверно, Неверно'
 'Утверждение 1 верно только для Гауссовых ядер, Утверждение 2 неверно'
 'Утверждение 1 неверно, Утверждение 2 верно только для бинарных деревьев решений'
 'Неверно, Верно' 'Верно, Неверно'
 'Утверждение 1 неверно, Утверждение 2 верно только для мультиклассовых деревьев решений']",computer science
77,"Мужчины лучше управляют автомобилем, чем женщины. Доказательством этого является то, что мужчины способнее женщин управлять машинами на дороге.","['Ложная дилемма' 'Апелляция к жалости'
 'Петиция принципии (прошение о предпосылке)' 'Апелляция к авторитету'
 'Эффект стада' 'Ad hominem (Нападение на личность)'
 'Апелляция к невежеству' 'Чучело' 'Скользкая дорожка' 'Красная сельдь']",philosophy
78,"Мужчина находился под стражей в качестве подозреваемого в убийстве ребенка. Полиция изначально предоставила ему письменный список его прав по Миранде. Ему сказали прочитать список вслух, что он и сделал. Затем его спросили, понимает ли он право хранить молчание и право на присутствие адвоката, на что он кивнул утвердительно. Он отказался подписать документ, но не попросил адвоката. В течение следующих трех часов его допрашивали, и он давал мало ответов; в основном он молчал, но иногда отвечал «нет», «да» или кивком головы. Затем один из детективов спросил его, готов ли он попросить прощения у Бога за убийство ребенка. Его глаза наполнились слезами, и он ответил «да». Это привело к дальнейшему допросу, в результате которого он признался в вине. Он отказался подписать письменное признание или отказ от права хранить молчание. Его арестовали за убийство и он попытался оспорить признание. Признает ли суд признание недобровольным?","['Нет, эмоциональный ответ подозреваемого и признание вины указывают на добровольное признание.'
 'Да, признание считается недобровольным, поскольку он не подписал письменный отказ от права хранить молчание.'
 'Да, отказ подозреваемого подписать письменное признание и отказ от прав указывает на недобровольность признания.'
 'Нет, участие подозреваемого в допросе, хоть и минимальное, демонстрирует понимание и добровольный отказ от прав.'
 'Нет, признание не считается недобровольным, так как подозреваемый добровольно отвечал на вопросы без присутствия адвоката.'
 'Да, признание должно быть отменено, поскольку подозреваемый в основном молчал во время допроса, что указывает на его нежелание участвовать.'
 'Да, использование религиозного обмана для того, чтобы заставить подозреваемого признаться в преступлении, делает признание недобровольным.'
 'Нет, обстоятельства указывают на то, что он понимал, что может прекратить допрос и получить адвоката, но не сделал этого.'
 'Да, признание должно быть отменено, поскольку его допрашивали более трех часов, что делает любые его слова по сути недобровольными.'
 'Нет, когда подозреваемому предоставляется письменный список предупреждений Миранды и он не просит адвоката, это доказывает, что подозреваемый полностью понимает свои права.']",law
79,"Вода при 15кПа и 40°C поступает в насос и выходит после того, как давление было повышено до 5МПа. Предполагая, что процесс обратим и адиабатический, определите температуру воды на выходе из насоса.",['35°C' '60°C' '70°C' '45°C' '55°C' '85°C' '40.15°C' '50°C' '65°C' '75°C'],engineering
80,"Арендодатель сдал квартиру арендатору за 250 долларов в месяц по договору с ежемесячной оплатой. 3 сентября арендодатель отправил арендатору следующее письмо: «2 сентября. В обмен на один доллар, получение которого подтверждаю, я предоставляю вам опцион на 20 дней с указанной даты на подписание двухлетнего договора аренды по цене 225 долларов в месяц, при условии предоплаты за два месяца». Арендатор получил письмо 4 сентября, но прочитал его только 5 сентября. 23 сентября арендатор позвонил арендодателю и сказал: «Я хочу заплатить вам 450 долларов и как можно скорее подписать двухлетний договор». Арендодатель ответил: «Я передумал. Я не хочу подписывать с вами договор. Кроме того, я хочу, чтобы вы немедленно освободили квартиру». Арендатор ни разу не заплатил арендодателю один доллар после получения письма 4 сентября. Является ли письмо арендодателя действительным предложением о заключении двухлетнего договора аренды?","['Нет, потому что арендодатель может отозвать предложение в любой момент до его принятия арендатором.'
 'Нет, если арендатор не заплатил или не предложил арендодателю один доллар.'
 'Да, потому что это выражает готовность заключить конкретную сделку, которая может быть завершена согласием арендатора.'
 'Нет, потому что арендатор не ответил на письмо немедленно.'
 'Да, потому что арендодатель не может передумать после того, как сделал предложение.'
 'Да, потому что взнос за опцион может быть выведен из предыдущего договора аренды с ежемесячной оплатой.'
 'Нет, потому что арендатор не заплатил предоплату за два месяца.'
 'Да, потому что арендатор выразил намерение подписать договор в указанный срок.'
 'Нет, потому что в предложении содержалось условие, предшествующее заключению предлагаемого договора.'
 'Да, потому что арендатор имеет право принять предложение в течение 20 дней, независимо от изменения решения арендодателя.']",law
81,"Этот вопрос относится к следующей информации.
Прочтите следующий правительственный отчет.
Из 450 больных людей, которым жители не могли помочь, 200 были выгнаны, и мы видели, как они умирали один за другим, лежа у дороги. Многие все еще остаются, и каждому из них можно выделить лишь крошечный кусочек хлеба. Мы даем хлеб только тем, кто иначе умрет. Основное блюдо здесь состоит из мышей, которых жители охотятся, так как они отчаянно голодны. Они поедают корни, которые не могут съесть животные; на самом деле, словами не передать то, что приходится видеть... Этот рассказ, далеко не преувеличивая, скорее недооценивает ужас ситуации, потому что в нем не упоминается и сотой части страданий в этом районе. Те, кто не видел этого своими глазами, не могут представить, насколько это велико. Не проходит и дня, чтобы не умирало от голода хотя бы 200 человек в двух провинциях. Мы можем подтвердить, что видели стада, не скота, а мужчин и женщин, которые бродили по полям между Реймсом и Ретелем, роющие землю, как свиньи, в поисках нескольких корней; и поскольку они находят только гнилые корни, и тех недостаточно, они становятся такими слабыми, что у них не остается сил искать пищу. Парох из Бульта, письмо которого мы прилагаем, сообщает, что похоронил троих своих прихожан, умерших от голода. Остальные питались измельченной соломой, смешанной с землей, из которой они делали пищу, которую нельзя назвать хлебом. Другие люди в том же месте питались телами животных, умерших от болезней, и которых кюре, не имея другой возможности помочь своим людям, разрешил жарить на огне пресвитерии.
—Отчет Государственных собраний Нормандии, 1651 год
Какой из следующих факторов меньше всего способствовал проблемам со здоровьем и голодом у французского народа в XVII веке?","['Низкие налоги на крестьян и средний класс' 'Войны и конфликты'
 'Малопродуктивные сельскохозяйственные практики'
 'Нехватка сельскохозяйственных инструментов'
 'Недостаточные средства хранения продовольствия' 'Неблагоприятная погода'
 'Высокие налоги на дворянство и духовенство' 'Плохая транспортировка'
 'Перенаселение' 'Отсутствие медицинских знаний']",history
82,"Мистер Норман Шварц, 30 лет, хочет оформить страховой полис на сумму 15 000 долларов. Какова будет разница в годовых премиях между полисом с выплатой за 20 лет и обычным пожизненным полисом с выплатой до 65 лет? Если он умрет в возрасте 62 лет, сколько он в итоге заплатит по каждому из полисов?","['$30.55' '$29.55' '$34.55' '$32.55' '$33.55' '$28.55' '$27.55' '$26.55'
 '$31.55' '$25.55']",business
83,Какая из этих функций не является функцией 'lock' на стандартной клавиатуре настольного компьютера?,['print lock' 'scroll lock' 'caps lock' 'number lock'],other
84,"Сфера, куб и цилиндр, все одинаковой массы, запускаются с вершины небольшого уклона. Поверхность уклона настолько скользкая, что объекты не вращаются при запуске, а скользят с незначительным трением. Кто достигнет основания уклона первым?","['Объект, который был запущен первым'
 'Объект, который был запущен последним'
 'Куб и цилиндр достигают основания одновременно, раньше сферы' 'сфера'
 'цилиндр' 'куб' 'Объект посередине'
 'Все достигают основания одновременно.'
 'Ни один из них не достигает основания'
 'Сфера и цилиндр достигают основания одновременно, раньше куба']",physics
85,"Мать 31-летнего клиента, с которым вы работаете уже шесть месяцев, звонит, чтобы узнать о его прогрессе. Она говорит, что очень переживает за своего сына и хочет знать, может ли она как-то помочь ему. Как этичный психолог, вы:","['даете ей общие рекомендации, как она может помочь своему сыну.'
 'предлагаете ей регулярно разговаривать со своим сыном о его чувствах.'
 'советуете ей оказывать сыну эмоциональную поддержку.'
 'говорите ей, что не можете обсуждать состояние ее сына с ней.'
 'просите ее поощрять сына говорить более открыто о его сеансах терапии.'
 'советуете ей больше узнать о состоянии, от которого страдает ее сын.'
 'раскрываете подробную информацию о прогрессе ее сына в терапии.'
 'рекомендуете ей обратиться за терапией самой, чтобы лучше понять ситуацию сына.'
 'предлагаете ей записаться на прием, чтобы обсудить этот вопрос лично.'
 'предлагаете ей прийти на терапию вместе со своим сыном на его следующий сеанс.']",psychology
86,"Объясните, почему возможности профсоюзов по увеличению спроса на труд ограничены.","['Профсоюзы определяют производительность труда'
 'Профсоюзы могут напрямую контролировать уровень занятости на национальном уровне'
 'Профсоюзы являются основными двигателями экономического роста и тем самым увеличивают спрос на труд'
 'Профсоюзы могут значительно увеличить спрос на труд'
 'У профсоюзов ограниченные возможности влиять на спрос на труд'
 'Профсоюзы ведут переговоры о спросе на труд от имени всех секторов'
 'Профсоюзы устанавливают цены на труд во всех отраслях'
 'Профсоюзы контролируют спрос на труд'
 'Профсоюзы могут гарантировать безопасность рабочих мест для всех работников'
 'Профсоюзы самостоятельно устанавливают минимальную заработную плату, независимо от законодательства правительства']",economics
87,"Женщина владела четырехквартирным домом и сама проживала в одной из квартир. Когда один из арендаторов съехал, женщина разместила объявление в местной газете, которое гласило: ""Большая двухкомнатная квартира сдается в аренду. Предпочтение белому мужчине."" Желание женщины было обусловлено тем, что ей хотелось иметь смешанный состав арендаторов по полу и этническому признаку, и из оставшихся арендованных квартир одну занимал афроамериканец, а другую - женщина-островитянка Тихого океана. Исходя из этих фактов, какое из следующих утверждений верно?","['Федеральный закон о справедливом жилье не применяется к частным арендодателям.'
 'Согласно федеральному закону о справедливом жилье, женщине не разрешалось указывать предпочтение по расе или полу в объявлении.'
 'Действия женщины являются нарушением только законов штата, а не федеральных законов.'
 'Предпочтение женщины считается дискриминационным только в случае, если она отказывает в аренде квалифицированному арендатору на основании его расы или пола.'
 'Расовое или гендерное предпочтение женщины разрешено согласно федеральному закону о справедливом жилье, если это способствует разнообразию.'
 'Федеральный закон о справедливом жилье запрещает женщине отказывать в аренде своих квартир потенциальным арендаторам из-за их расы или пола.'
 'Мотивы женщины освобождают ее от любой ответственности согласно федеральному закону о справедливом жилье.'
 'По этим фактам не было нарушений каких-либо федеральных законов.'
 'Действия женщины законны согласно федеральному закону о справедливом жилье, если она не действует в соответствии с ее предпочтениями.'
 'Действия женщины законны, если квартира находится в ее основном месте жительства.']",law
88,"Чтобы определить плотность крови, капли крови помещают в смесь ксилола с плотностью 0.867 г\bulletсм^-3 и бромбензола с плотностью 1.497 г\bulletсм^-3, причем состав смеси изменяют до тех пор, пока капли не перестают подниматься или опускаться. В этой смеси содержится 72% ксилола и 28% бромбензола по объему. Какова плотность крови?","['1.100 г/см^3' '1.200 г/см^3' '0.995 г/см^3' '0.72 г\\bulletсм^-3'
 '0.867 г\\bulletсм^-3' '1.0434 г\\bulletсм^-3' '1.350 г/см^3'
 '1.065 г/см^3' '1.497 г\\bulletсм^-3' '0.925 г/см^3']",physics
89,"Необходимо прокачать нефть со скоростью 1) 10 фунтов/сек, 2) 50 фунтов/сек по горизонтальной трубе диаметром 4 дюйма и длиной 5280 футов. Рассчитайте падение давления и теоретическую мощность в лошадиных силах, если плотность нефти составляет 59.3 фунта/фут^3, а вязкость - 50 сантипуаз. Для случая турбулентного потока предположите, что коэффициент трения Дарси на 10 процентов выше, чем было рассчитано для гладкой трубы.","['19.4 psi и 1.15 л.с. для 10 фунтов/сек, 370.2 psi и 82.1 л.с. для 50 фунтов/сек'
 '18.5 psi и 1.1 л.с. для 10 фунтов/сек, 360.5 psi и 75.5 л.с. для 50 фунтов/сек'
 '21.3 psi и 0.95 л.с. для 10 фунтов/сек, 378.1 psi и 83.5 л.с. для 50 фунтов/сек'
 '22.3 psi и 1.05 л.с. для 10 фунтов/сек, 385.1 psi и 90.5 л.с. для 50 фунтов/сек'
 '17.9 psi и 0.92 л.с. для 10 фунтов/сек, 355.8 psi и 79.8 л.с. для 50 фунтов/сек'
 '16.2 psi и 0.78 л.с. для 10 фунтов/сек, 365.9 psi и 77.2 л.с. для 50 фунтов/сек'
 '23.8 psi и 0.9 л.с. для 10 фунтов/сек, 390.3 psi и 88.7 л.с. для 50 фунтов/сек'
 '15.7 psi и 1.2 л.с. для 10 фунтов/сек, 380.2 psi и 85.6 л.с. для 50 фунтов/сек'
 '25.1 psi и 1.05 л.с. для 10 фунтов/сек, 400.7 psi и 95.4 л.с. для 50 фунтов/сек'
 '20.3 psi и 0.85 л.с. для 10 фунтов/сек, 375.1 psi и 80.5 л.с. для 50 фунтов/сек']",engineering
90,"Найдите однородное решение дифференциального уравнения для напряжения v_C(t) на конденсаторе емкостью (4/3)F в последовательной RLC-цепи, где R = 1\Omega, L = (1/4)H, i_L(0) = 4A, и v_C(0) = 0.","['e^-(t/2) - e^-(3t/2)V' '(2/3) (e^-3t - e^-t)V' '(4/3) (e^-t - e^-2t)V'
 '(3/2) (e^-4t - e^-t)V' '(3/2) (e^-t - e^-3t)V' '(3/2) (e^-t + e^-3t)V'
 '(1/2) (e^-t - e^-3t)V' '(1/2) (e^-t + e^-4t)V' '(1/2) (e^-2t + e^-3t)V'
 '(3/2) (e^-2t - e^-3t)V']",engineering
91,"Предположим, что рыночная цена на кукурузу упала с $1,00 за бушель до $0,75 за бушель. В ответ на это фермеры решили продавать на треть меньше кукурузы на рынок. Уменьшилось ли предложение кукурузы на рынке?","['Предложение кукурузы на рынке увеличилось.'
 'Нет, предложение кукурузы на рынке не уменьшилось.'
 'Да, предложение кукурузы на рынке уменьшилось.'
 'Предложение кукурузы на рынке осталось прежним.']",economics
92,В строительстве плиты являются горизонтальными конструкциями вверху и внизу стены. Какие из перечисленных элементов являются вертикальными конструкциями?,"['Стойки' 'Обшивка' 'Стропила' 'Балки' 'Фермы' 'Ригели'
 'Нижние обвязочные плиты' 'Перемычки' 'Прогоны' 'Балки перекрытия']",other
93,"47-летнего мужчину доставили в отделение неотложной помощи через 2 часа после внезапного появления одышки, сильной боли в груди и потливости. В анамнезе подобных симптомов не было. У него гипертония, которую лечат гидрохлоротиазидом. Он курил по пачке сигарет в день в течение 30 лет. Его пульс составляет 110 уд/мин, частота дыхания 24 вдоха/мин, артериальное давление 110/50 мм рт. ст. Выслушивается шум 3/6 степени, диастолический, дующего характера, слышимый у левого края грудины и распространяющийся к правому краю грудины. Пульс на бедренных артериях снижен с обеих сторон. ЭКГ показывает гипертрофию левого желудочка. Какой из следующих диагнозов наиболее вероятен?","['Острый инфаркт миокарда' 'Конгестивная сердечная недостаточность'
 'Стенокардия' 'Диссекция аорты' 'Пролапс митрального клапана'
 'Разрыв пищевода' 'Гипертонический криз' 'Аневризма грудной аорты'
 'Тромбоэмболия легочной артерии' 'Стеноз аорты']",health
94,"Утверждение 1 | Если в группе есть элемент порядка 15, то в ней должно быть как минимум 8 элементов порядка 15. Утверждение 2 | Если в группе более 8 элементов порядка 15, то должно быть как минимум 16 элементов порядка 15.","['Верно, Верно' 'Неверно, Неверно' 'Верно, Неверно' 'Неверно, Верно']",math
95,"Автомобиль расходует 24 мили на галлон бензина (mi/gal). Сколько галлонов бензина потребуется автомобилю, чтобы проехать 144 мили?","['5 галлонов' '6.2 галлона' '7.5 галлонов' '7 галлонов' '5.8 галлона'
 '4.5 галлона' '5.5 галлонов' '6.5 галлонов' '8 галлонов' '6 галлонов']",math
96,"Вас наняли покрасить стены и потолок комнаты размером 14' × 12' × 8(1/2)'. Вы знаете, что краска стоит $6.50 за галлон, который покрывает 425 кв. футов, или $1.85 за кварту. Как вы рассчитаете стоимость краски?","['$7.65' '$10.20' '$15.30' '$26.00' '$9.75' '$2.80' '$13.00' '$19.50'
 '$3.70' '$6.50']",business
97,"В водородной бомбе ядра дейтерия сливаются, образуя ядро гелия. В процессе выделяется 5МэВ энергии на каждый дейтерий. Если 1/7000 часть природного водорода - это дейтерий, сколько литров бензина (C_8H_18) нужно сжечь, чтобы получить такое же количество энергии, как от 1 литра воды? Предполагается следующее: теплота сгорания бензина составляет 5100 кДж/моль, плотность бензина - 0.703 г/см³; 1 эВ = 1.60 × 10^-19 Дж.","['50 литров бензина' '500 литров бензина' '400 литров бензина'
 '150 литров бензина' '243 литра бензина' '600 литров бензина'
 '350 литров бензина' '75 литров бензина' '800 литров бензина'
 '100 литров бензина']",chemistry
98,Ожидаемый побочный эффект приема креатина:,"['улучшение зрения.' 'потеря аппетита.' 'улучшение когнитивных функций.'
 'снижение массы тела.' 'слабость мышц.'
 'повышение частоты сердечных сокращений.' 'мышечные спазмы.'
 'выпадение волос.' 'прирост массы тела.' 'потеря электролитов.']",health
99,"Если цель проверки аудитором деталей заключается в обнаружении завышения объемов продаж, аудитор должен проследить транзакции от","['Заказов покупателя до журнала продаж.'
 'Транспортных документов до журнала поступлений наличных.'
 'Журнала поступлений наличных до транспортных документов.'
 'Журнала продаж до журнала поступлений наличных.'
 'Журнала продаж до транспортных документов.'
 'Транспортных документов до журнала продаж.'
 'Заказов покупателя до журнала поступлений наличных.'
 'Журнала поступлений наличных до заказов покупателя.'
 'Транспортных документов до заказов покупателя.'
 'Заказов покупателя до транспортных документов.']",other
